{"cameraMode":{"drawMode":0,"name":"Shaded","section":"Shading Mode"},"sceneLighting":true,"audioPlay":false,"sceneViewState":{"m_AlwaysRefresh":false,"showFog":true,"showSkybox":true,"showFlares":true,"showImageEffects":true,"showParticleSystems":true,"showVisualEffectGraphs":true,"m_FxEnabled":true},"in2DMode":false,"pivot":{"x":1.0364056825637818,"y":4.076274394989014,"z":-42.342350006103519},"rotation":{"x":0.14248110353946687,"y":-0.5513660907745361,"z":0.09627009928226471,"w":0.816386342048645},"size":12.870295524597168,"orthographic":false}